Aarav_CEO,CEO,ROOT
Neha_Mehta_VP1,VP,Aarav_CEO
Aryan_Mehta_VP2,VP,Aarav_CEO
Ayaan_Rao_VP3,VP,Aarav_CEO
Vivaan_Rao_VP4,VP,Aarav_CEO
Diya_Patel_VP5,VP,Aarav_CEO
Ananya_Das_Dir6,Director,Vivaan_Rao_VP4
Karan_Singh_Dir7,Director,Aryan_Mehta_VP2
Reyansh_Jain_Dir8,Director,Ayaan_Rao_VP3
Rishi_Singh_Dir9,Director,Vivaan_Rao_VP4
Karan_Das_Dir10,Director,Neha_Mehta_VP1
Sanya_Patel_Dir11,Director,Ayaan_Rao_VP3
Sanya_Nair_Dir12,Director,Vivaan_Rao_VP4
Sanya_Nair_Dir13,Director,Aryan_Mehta_VP2
Arjun_Jain_Dir14,Director,Aryan_Mehta_VP2
Aarav_Jain_Dir15,Director,Ayaan_Rao_VP3
Aarav_Reddy_Dir16,Director,Diya_Patel_VP5
Dhruv_Gupta_Dir17,Director,Neha_Mehta_VP1
Riya_Mehta_Dir18,Director,Vivaan_Rao_VP4
Rahul_Patel_Dir19,Director,Neha_Mehta_VP1
Karan_Gupta_Dir20,Director,Ayaan_Rao_VP3
Riya_Reddy_Dir21,Director,Aryan_Mehta_VP2
Siddharth_Bose_Dir22,Director,Vivaan_Rao_VP4
Rahul_Gupta_Dir23,Director,Aryan_Mehta_VP2
Pooja_Sharma_Dir24,Director,Aryan_Mehta_VP2
Reyansh_Patel_Dir25,Director,Neha_Mehta_VP1
Zara_Patel_Mgr26,Manager,Reyansh_Patel_Dir25
Ishita_Bose_Mgr27,Manager,Siddharth_Bose_Dir22
Siddharth_Mehta_Mgr28,Manager,Dhruv_Gupta_Dir17
Ayaan_Kumar_Mgr29,Manager,Dhruv_Gupta_Dir17
Sanya_Bose_Mgr30,Manager,Reyansh_Jain_Dir8
Zara_Verma_Mgr31,Manager,Arjun_Jain_Dir14
Diya_Sharma_Mgr32,Manager,Aarav_Jain_Dir15
Kavya_Kumar_Mgr33,Manager,Rishi_Singh_Dir9
Pooja_Patel_Mgr34,Manager,Karan_Das_Dir10
Krishna_Gupta_Mgr35,Manager,Rahul_Patel_Dir19
Vihaan_Rao_Mgr36,Manager,Karan_Gupta_Dir20
Ananya_Mehta_Mgr37,Manager,Sanya_Nair_Dir13
Kabir_Bose_Mgr38,Manager,Rahul_Patel_Dir19
Vihaan_Sharma_Mgr39,Manager,Reyansh_Jain_Dir8
Aarav_Verma_Mgr40,Manager,Rishi_Singh_Dir9
Rishi_Patel_Mgr41,Manager,Rahul_Gupta_Dir23
Ananya_Das_Mgr42,Manager,Sanya_Nair_Dir12
Ayaan_Jain_Mgr43,Manager,Riya_Mehta_Dir18
Rohan_Mehta_Mgr44,Manager,Arjun_Jain_Dir14
Vihaan_Jain_Mgr45,Manager,Rahul_Gupta_Dir23
Aryan_Das_Mgr46,Manager,Siddharth_Bose_Dir22
Krishna_Sharma_Mgr47,Manager,Riya_Reddy_Dir21
Reyansh_Bose_Mgr48,Manager,Reyansh_Jain_Dir8
Diya_Rao_Mgr49,Manager,Ananya_Das_Dir6
Kabir_Sharma_Mgr50,Manager,Riya_Reddy_Dir21
Rohan_Singh_Mgr51,Manager,Dhruv_Gupta_Dir17
Kabir_Mehta_Mgr52,Manager,Pooja_Sharma_Dir24
Rishi_Das_Mgr53,Manager,Dhruv_Gupta_Dir17
Karan_Jain_Mgr54,Manager,Reyansh_Patel_Dir25
Kabir_Gupta_Mgr55,Manager,Rahul_Gupta_Dir23
Ananya_Verma_Mgr56,Manager,Dhruv_Gupta_Dir17
Dhruv_Sharma_Mgr57,Manager,Sanya_Nair_Dir12
Ananya_Gupta_Mgr58,Manager,Sanya_Patel_Dir11
Kavya_Patel_Mgr59,Manager,Ananya_Das_Dir6
Aryan_Kumar_Mgr60,Manager,Ananya_Das_Dir6
Kabir_Reddy_Mgr61,Manager,Karan_Gupta_Dir20
Karan_Singh_Mgr62,Manager,Sanya_Nair_Dir13
Karan_Kumar_Mgr63,Manager,Ananya_Das_Dir6
Ishita_Bose_Mgr64,Manager,Pooja_Sharma_Dir24
Aarav_Sharma_Mgr65,Manager,Reyansh_Patel_Dir25
Kabir_Gupta_Mgr66,Manager,Rahul_Patel_Dir19
Neha_Patel_Mgr67,Manager,Karan_Singh_Dir7
Aarav_Mehta_Mgr68,Manager,Ananya_Das_Dir6
Rudra_Reddy_Mgr69,Manager,Riya_Mehta_Dir18
Ishaan_Bose_Mgr70,Manager,Arjun_Jain_Dir14
Aarav_Jain_Mgr71,Manager,Sanya_Nair_Dir12
Aryan_Rao_Mgr72,Manager,Dhruv_Gupta_Dir17
Rishi_Rao_Mgr73,Manager,Rishi_Singh_Dir9
Ishaan_Verma_Mgr74,Manager,Rahul_Patel_Dir19
Aryan_Reddy_Mgr75,Manager,Rahul_Gupta_Dir23
Ananya_Rao_Mgr76,Manager,Rishi_Singh_Dir9
Riya_Reddy_Mgr77,Manager,Dhruv_Gupta_Dir17
Mira_Verma_Mgr78,Manager,Sanya_Nair_Dir13
Rahul_Sharma_Mgr79,Manager,Reyansh_Patel_Dir25
Zara_Reddy_Mgr80,Manager,Reyansh_Patel_Dir25
Vikram_Bose_Mgr81,Manager,Karan_Singh_Dir7
Aarav_Verma_Mgr82,Manager,Reyansh_Patel_Dir25
Diya_Verma_Mgr83,Manager,Rahul_Gupta_Dir23
Ayaan_Verma_Mgr84,Manager,Arjun_Jain_Dir14
Zara_Patel_Mgr85,Manager,Sanya_Nair_Dir13
Riya_Nair_Mgr86,Manager,Aarav_Reddy_Dir16
Karan_Rao_Mgr87,Manager,Siddharth_Bose_Dir22
Vivaan_Kumar_Mgr88,Manager,Rahul_Gupta_Dir23
Arjun_Bose_Mgr89,Manager,Karan_Das_Dir10
Dhruv_Singh_Mgr90,Manager,Riya_Mehta_Dir18
Rahul_Nair_Mgr91,Manager,Aarav_Reddy_Dir16
Aarav_Patel_Mgr92,Manager,Dhruv_Gupta_Dir17
Aarav_Patel_Mgr93,Manager,Reyansh_Jain_Dir8
Diya_Gupta_Mgr94,Manager,Ananya_Das_Dir6
Zara_Rao_Mgr95,Manager,Sanya_Nair_Dir12
Kavya_Reddy_Mgr96,Manager,Reyansh_Jain_Dir8
Zara_Nair_Mgr97,Manager,Reyansh_Patel_Dir25
Dhruv_Patel_Mgr98,Manager,Karan_Gupta_Dir20
Diya_Mehta_Mgr99,Manager,Reyansh_Patel_Dir25
Vikram_Jain_Mgr100,Manager,Aarav_Reddy_Dir16
Rahul_Verma_Mgr101,Manager,Reyansh_Patel_Dir25
Rudra_Verma_Mgr102,Manager,Aarav_Reddy_Dir16
Aarav_Jain_Mgr103,Manager,Rahul_Patel_Dir19
Ananya_Bose_Mgr104,Manager,Sanya_Patel_Dir11
Aryan_Patel_Mgr105,Manager,Sanya_Patel_Dir11
Pooja_Patel_Mgr106,Manager,Pooja_Sharma_Dir24
Vikram_Nair_Mgr107,Manager,Karan_Das_Dir10
Neha_Nair_Mgr108,Manager,Karan_Gupta_Dir20
Dhruv_Das_Mgr109,Manager,Riya_Reddy_Dir21
Ishita_Rao_Mgr110,Manager,Sanya_Nair_Dir13
Riya_Jain_Mgr111,Manager,Karan_Das_Dir10
Riya_Gupta_Mgr112,Manager,Rahul_Gupta_Dir23
Krishna_Bose_Mgr113,Manager,Karan_Singh_Dir7
Diya_Patel_Mgr114,Manager,Siddharth_Bose_Dir22
Ishita_Kumar_Mgr115,Manager,Reyansh_Patel_Dir25
Arjun_Kumar_Mgr116,Manager,Karan_Singh_Dir7
Rohan_Jain_Mgr117,Manager,Rahul_Patel_Dir19
Kabir_Das_Mgr118,Manager,Arjun_Jain_Dir14
Krishna_Rao_Mgr119,Manager,Karan_Gupta_Dir20
Rohan_Patel_Mgr120,Manager,Rahul_Patel_Dir19
Sanya_Nair_Mgr121,Manager,Riya_Mehta_Dir18
Vihaan_Singh_Mgr122,Manager,Karan_Gupta_Dir20
Reyansh_Bose_Mgr123,Manager,Rahul_Patel_Dir19
Aditya_Jain_Mgr124,Manager,Karan_Gupta_Dir20
Neha_Das_Mgr125,Manager,Dhruv_Gupta_Dir17
Diya_Mehta_Mgr126,Manager,Rahul_Gupta_Dir23
Kavya_Reddy_Mgr127,Manager,Aarav_Reddy_Dir16
Kavya_Rao_Mgr128,Manager,Riya_Mehta_Dir18
Diya_Jain_Mgr129,Manager,Ananya_Das_Dir6
Kabir_Bose_Mgr130,Manager,Rahul_Gupta_Dir23
Vikram_Singh_Mgr131,Manager,Reyansh_Patel_Dir25
Aarav_Mehta_Mgr132,Manager,Arjun_Jain_Dir14
Aarav_Gupta_Mgr133,Manager,Sanya_Patel_Dir11
Rudra_Rao_Mgr134,Manager,Reyansh_Patel_Dir25
Karan_Das_Mgr135,Manager,Rahul_Gupta_Dir23
Vivaan_Mehta_Mgr136,Manager,Siddharth_Bose_Dir22
Reyansh_Rao_Mgr137,Manager,Riya_Reddy_Dir21
Karan_Jain_Mgr138,Manager,Aarav_Reddy_Dir16
Ishita_Rao_Mgr139,Manager,Sanya_Nair_Dir12
Zara_Das_Mgr140,Manager,Reyansh_Jain_Dir8
Neha_Das_Mgr141,Manager,Dhruv_Gupta_Dir17
Siddharth_Singh_Mgr142,Manager,Aarav_Jain_Dir15
Krishna_Das_Mgr143,Manager,Reyansh_Jain_Dir8
Kavya_Mehta_Mgr144,Manager,Dhruv_Gupta_Dir17
Rohan_Rao_Mgr145,Manager,Aarav_Jain_Dir15
Rahul_Das_Mgr146,Manager,Rishi_Singh_Dir9
Kabir_Das_Mgr147,Manager,Riya_Mehta_Dir18
Kabir_Bose_Mgr148,Manager,Pooja_Sharma_Dir24
Ishita_Sharma_Mgr149,Manager,Karan_Gupta_Dir20
Karan_Gupta_Emp150,Engineer,Siddharth_Singh_Mgr142
Neha_Nair_Emp151,Engineer,Zara_Patel_Mgr85
Vihaan_Singh_Emp152,Engineer,Karan_Das_Mgr135
Vivaan_Singh_Emp153,Engineer,Kavya_Rao_Mgr128
Sanya_Nair_Emp154,Engineer,Vivaan_Mehta_Mgr136
Sanya_Kumar_Emp155,Engineer,Aditya_Jain_Mgr124
Siddharth_Nair_Emp156,Engineer,Rishi_Patel_Mgr41
Karan_Patel_Emp157,Engineer,Rishi_Patel_Mgr41
Vihaan_Das_Emp158,Engineer,Aarav_Jain_Mgr71
Reyansh_Sharma_Emp159,Engineer,Zara_Patel_Mgr26
Siddharth_Kumar_Emp160,Engineer,Karan_Jain_Mgr54
Rishi_Reddy_Emp161,Engineer,Kabir_Sharma_Mgr50
Rishi_Sharma_Emp162,Engineer,Riya_Reddy_Mgr77
Rahul_Das_Emp163,Engineer,Ishaan_Verma_Mgr74
Advik_Singh_Emp164,Engineer,Aarav_Jain_Mgr71
Vihaan_Jain_Emp165,Engineer,Rishi_Patel_Mgr41
Krishna_Verma_Emp166,Engineer,Zara_Rao_Mgr95
Neha_Jain_Emp167,Engineer,Rishi_Patel_Mgr41
Mira_Singh_Emp168,Engineer,Rahul_Das_Mgr146
Kavya_Das_Emp169,Engineer,Rudra_Verma_Mgr102
Zara_Gupta_Emp170,Engineer,Aarav_Jain_Mgr103
Zara_Das_Emp171,Engineer,Vivaan_Mehta_Mgr136
Rudra_Kumar_Emp172,Engineer,Ananya_Das_Mgr42
Kavya_Kumar_Emp173,Engineer,Neha_Das_Mgr125
Neha_Gupta_Emp174,Engineer,Aarav_Patel_Mgr93
Rishi_Gupta_Emp175,Engineer,Dhruv_Patel_Mgr98
Karan_Patel_Emp176,Engineer,Riya_Nair_Mgr86
Karan_Nair_Emp177,Engineer,Rishi_Rao_Mgr73
Rahul_Das_Emp178,Engineer,Neha_Das_Mgr125
Diya_Rao_Emp179,Engineer,Vihaan_Singh_Mgr122
Aarav_Verma_Emp180,Engineer,Diya_Mehta_Mgr99
Riya_Jain_Emp181,Engineer,Neha_Das_Mgr125
Zara_Reddy_Emp182,Engineer,Rishi_Das_Mgr53
Diya_Das_Emp183,Engineer,Mira_Verma_Mgr78
Zara_Kumar_Emp184,Engineer,Rudra_Verma_Mgr102
Kavya_Rao_Emp185,Engineer,Krishna_Rao_Mgr119
Aryan_Nair_Emp186,Engineer,Rudra_Verma_Mgr102
Rohan_Nair_Emp187,Engineer,Ishita_Rao_Mgr110
Vihaan_Patel_Emp188,Engineer,Karan_Das_Mgr135
Riya_Nair_Emp189,Engineer,Reyansh_Rao_Mgr137
Pooja_Rao_Emp190,Engineer,Ishita_Rao_Mgr110
Aryan_Patel_Emp191,Engineer,Sanya_Bose_Mgr30
Vivaan_Verma_Emp192,Engineer,Sanya_Bose_Mgr30
Mira_Nair_Emp193,Engineer,Ananya_Rao_Mgr76
Rudra_Rao_Emp194,Engineer,Karan_Singh_Mgr62
Vihaan_Rao_Emp195,Engineer,Vivaan_Kumar_Mgr88
Ishaan_Kumar_Emp196,Engineer,Krishna_Gupta_Mgr35
Dhruv_Gupta_Emp197,Engineer,Rishi_Rao_Mgr73
Rahul_Kumar_Emp198,Engineer,Reyansh_Bose_Mgr123
Rudra_Singh_Emp199,Engineer,Aarav_Verma_Mgr40
Rudra_Reddy_Emp200,Engineer,Kavya_Patel_Mgr59
Ishita_Bose_Emp201,Engineer,Siddharth_Singh_Mgr142
Diya_Das_Emp202,Engineer,Ishita_Kumar_Mgr115
Kabir_Rao_Emp203,Engineer,Ishita_Kumar_Mgr115
Ishita_Kumar_Emp204,Engineer,Vikram_Jain_Mgr100
Advik_Rao_Emp205,Engineer,Vikram_Singh_Mgr131
Vihaan_Gupta_Emp206,Engineer,Ayaan_Verma_Mgr84
Zara_Rao_Emp207,Engineer,Riya_Jain_Mgr111
Ishita_Reddy_Emp208,Engineer,Kabir_Bose_Mgr130
Ishita_Verma_Emp209,Engineer,Karan_Rao_Mgr87
Riya_Bose_Emp210,Engineer,Dhruv_Patel_Mgr98
Rishi_Rao_Emp211,Engineer,Arjun_Kumar_Mgr116
Aarav_Rao_Emp212,Engineer,Diya_Verma_Mgr83
Vivaan_Jain_Emp213,Engineer,Ananya_Mehta_Mgr37
Advik_Rao_Emp214,Engineer,Ananya_Verma_Mgr56
Zara_Reddy_Emp215,Engineer,Aarav_Mehta_Mgr68
Siddharth_Jain_Emp216,Engineer,Kavya_Kumar_Mgr33
Ananya_Nair_Emp217,Engineer,Ananya_Gupta_Mgr58
Reyansh_Bose_Emp218,Engineer,Ishita_Rao_Mgr139
Siddharth_Das_Emp219,Engineer,Aarav_Verma_Mgr82
Aditya_Nair_Emp220,Engineer,Zara_Patel_Mgr26
Diya_Mehta_Emp221,Engineer,Ayaan_Kumar_Mgr29
Ishaan_Reddy_Emp222,Engineer,Diya_Mehta_Mgr126
Zara_Das_Emp223,Engineer,Karan_Kumar_Mgr63
Krishna_Sharma_Emp224,Engineer,Aryan_Patel_Mgr105
Aarav_Singh_Emp225,Engineer,Aarav_Patel_Mgr92
Rohan_Sharma_Emp226,Engineer,Kabir_Gupta_Mgr66
Aarav_Gupta_Emp227,Engineer,Rahul_Nair_Mgr91
Pooja_Gupta_Emp228,Engineer,Kabir_Bose_Mgr148
Aditya_Jain_Emp229,Engineer,Kabir_Bose_Mgr130
Ishita_Nair_Emp230,Engineer,Ayaan_Verma_Mgr84
Ishita_Mehta_Emp231,Engineer,Rudra_Rao_Mgr134
Kavya_Rao_Emp232,Engineer,Kabir_Bose_Mgr130
Vivaan_Singh_Emp233,Engineer,Aarav_Patel_Mgr93
Vikram_Nair_Emp234,Engineer,Ishaan_Verma_Mgr74
Kavya_Das_Emp235,Engineer,Kabir_Gupta_Mgr55
Zara_Rao_Emp236,Engineer,Vihaan_Sharma_Mgr39
Dhruv_Bose_Emp237,Engineer,Aarav_Mehta_Mgr132
Kavya_Reddy_Emp238,Engineer,Aarav_Gupta_Mgr133
Aarav_Kumar_Emp239,Engineer,Ishaan_Verma_Mgr74
Rahul_Mehta_Emp240,Engineer,Vivaan_Kumar_Mgr88
Advik_Patel_Emp241,Engineer,Diya_Mehta_Mgr99
Dhruv_Reddy_Emp242,Engineer,Ishita_Kumar_Mgr115
Vikram_Sharma_Emp243,Engineer,Reyansh_Bose_Mgr48
Mira_Jain_Emp244,Engineer,Vihaan_Singh_Mgr122
Kavya_Verma_Emp245,Engineer,Ishita_Rao_Mgr110
Karan_Verma_Emp246,Engineer,Diya_Jain_Mgr129
Ishaan_Mehta_Emp247,Engineer,Ayaan_Kumar_Mgr29
Pooja_Sharma_Emp248,Engineer,Kavya_Rao_Mgr128
Ishita_Gupta_Emp249,Engineer,Karan_Rao_Mgr87
Krishna_Patel_Emp250,Engineer,Diya_Patel_Mgr114
Siddharth_Das_Emp251,Engineer,Karan_Kumar_Mgr63
Aarav_Gupta_Emp252,Engineer,Ishita_Rao_Mgr139
Krishna_Sharma_Emp253,Engineer,Dhruv_Singh_Mgr90
Rishi_Kumar_Emp254,Engineer,Reyansh_Bose_Mgr123
Zara_Sharma_Emp255,Engineer,Diya_Rao_Mgr49
Rahul_Patel_Emp256,Engineer,Aarav_Mehta_Mgr132
Rudra_Nair_Emp257,Engineer,Vihaan_Rao_Mgr36
Aarav_Mehta_Emp258,Engineer,Kavya_Reddy_Mgr127
Dhruv_Verma_Emp259,Engineer,Pooja_Patel_Mgr34
Mira_Singh_Emp260,Engineer,Vihaan_Sharma_Mgr39
Mira_Verma_Emp261,Engineer,Dhruv_Sharma_Mgr57
Zara_Sharma_Emp262,Engineer,Reyansh_Bose_Mgr48
Mira_Reddy_Emp263,Engineer,Ishita_Bose_Mgr64
Rudra_Gupta_Emp264,Engineer,Diya_Mehta_Mgr126
Ananya_Verma_Emp265,Engineer,Vikram_Jain_Mgr100
Ayaan_Singh_Emp266,Engineer,Kabir_Bose_Mgr38
Rishi_Nair_Emp267,Engineer,Ishita_Kumar_Mgr115
Sanya_Gupta_Emp268,Engineer,Vihaan_Rao_Mgr36
Rudra_Singh_Emp269,Engineer,Rudra_Reddy_Mgr69
Ishita_Mehta_Emp270,Engineer,Diya_Gupta_Mgr94
Krishna_Verma_Emp271,Engineer,Rishi_Rao_Mgr73
Aditya_Jain_Emp272,Engineer,Rishi_Patel_Mgr41
Vikram_Gupta_Emp273,Engineer,Zara_Patel_Mgr26
Aditya_Rao_Emp274,Engineer,Kabir_Bose_Mgr130
Aditya_Singh_Emp275,Engineer,Ananya_Mehta_Mgr37
Pooja_Sharma_Emp276,Engineer,Reyansh_Bose_Mgr123
Riya_Reddy_Emp277,Engineer,Ayaan_Kumar_Mgr29
Pooja_Reddy_Emp278,Engineer,Reyansh_Bose_Mgr48
Zara_Das_Emp279,Engineer,Krishna_Bose_Mgr113
Vihaan_Sharma_Emp280,Engineer,Aryan_Kumar_Mgr60
Ananya_Mehta_Emp281,Engineer,Riya_Reddy_Mgr77
Rohan_Das_Emp282,Engineer,Aarav_Verma_Mgr40
Reyansh_Reddy_Emp283,Engineer,Diya_Sharma_Mgr32
Rahul_Gupta_Emp284,Engineer,Zara_Rao_Mgr95
Krishna_Reddy_Emp285,Engineer,Neha_Das_Mgr125
Aditya_Singh_Emp286,Engineer,Aditya_Jain_Mgr124
Diya_Rao_Emp287,Engineer,Ananya_Verma_Mgr56
Vihaan_Singh_Emp288,Engineer,Rudra_Reddy_Mgr69
Dhruv_Patel_Emp289,Engineer,Neha_Das_Mgr141
Arjun_Verma_Emp290,Engineer,Kavya_Reddy_Mgr127
Karan_Gupta_Emp291,Engineer,Neha_Nair_Mgr108
Ishita_Verma_Emp292,Engineer,Kabir_Sharma_Mgr50
Pooja_Bose_Emp293,Engineer,Kabir_Bose_Mgr130
Vihaan_Verma_Emp294,Engineer,Karan_Jain_Mgr54
Aryan_Das_Emp295,Engineer,Aarav_Patel_Mgr92
Aarav_Singh_Emp296,Engineer,Karan_Jain_Mgr54
Ishaan_Mehta_Emp297,Engineer,Rudra_Verma_Mgr102
Neha_Verma_Emp298,Engineer,Aarav_Gupta_Mgr133
Rudra_Singh_Emp299,Engineer,Neha_Das_Mgr125
Diya_Gupta_Emp300,Engineer,Diya_Mehta_Mgr126
Diya_Kumar_Emp301,Engineer,Kabir_Bose_Mgr38
Ananya_Jain_Emp302,Engineer,Ananya_Verma_Mgr56
Ananya_Bose_Emp303,Engineer,Rahul_Verma_Mgr101
Arjun_Jain_Emp304,Engineer,Aryan_Reddy_Mgr75
Dhruv_Reddy_Emp305,Engineer,Rahul_Sharma_Mgr79
Rahul_Rao_Emp306,Engineer,Rahul_Verma_Mgr101
Rishi_Patel_Emp307,Engineer,Zara_Verma_Mgr31
Ishita_Rao_Emp308,Engineer,Dhruv_Das_Mgr109
Diya_Kumar_Emp309,Engineer,Kabir_Bose_Mgr130
Aarav_Reddy_Emp310,Engineer,Kabir_Mehta_Mgr52
Pooja_Patel_Emp311,Engineer,Kabir_Bose_Mgr38
Reyansh_Singh_Emp312,Engineer,Zara_Nair_Mgr97
Dhruv_Nair_Emp313,Engineer,Kabir_Bose_Mgr130
Mira_Das_Emp314,Engineer,Ishita_Kumar_Mgr115
Ishaan_Nair_Emp315,Engineer,Kabir_Gupta_Mgr66
Vihaan_Sharma_Emp316,Engineer,Zara_Patel_Mgr85
Ishita_Kumar_Emp317,Engineer,Ananya_Gupta_Mgr58
Sanya_Reddy_Emp318,Engineer,Vihaan_Rao_Mgr36
Mira_Bose_Emp319,Engineer,Riya_Nair_Mgr86
Krishna_Das_Emp320,Engineer,Ananya_Gupta_Mgr58
Vikram_Sharma_Emp321,Engineer,Aarav_Patel_Mgr93
Kabir_Singh_Emp322,Engineer,Arjun_Kumar_Mgr116
Karan_Singh_Emp323,Engineer,Rohan_Patel_Mgr120
Reyansh_Jain_Emp324,Engineer,Arjun_Kumar_Mgr116
Ayaan_Rao_Emp325,Engineer,Aarav_Jain_Mgr71
Ishita_Rao_Emp326,Engineer,Rishi_Rao_Mgr73
Aarav_Kumar_Emp327,Engineer,Sanya_Nair_Mgr121
Rudra_Verma_Emp328,Engineer,Zara_Reddy_Mgr80
Vihaan_Bose_Emp329,Engineer,Kabir_Bose_Mgr130
Neha_Jain_Emp330,Engineer,Karan_Singh_Mgr62
Aarav_Singh_Emp331,Engineer,Siddharth_Singh_Mgr142
Arjun_Mehta_Emp332,Engineer,Ishita_Rao_Mgr139
Kavya_Rao_Emp333,Engineer,Aryan_Patel_Mgr105
Aryan_Mehta_Emp334,Engineer,Kavya_Patel_Mgr59
Kavya_Rao_Emp335,Engineer,Aryan_Das_Mgr46
Vivaan_Gupta_Emp336,Engineer,Rohan_Patel_Mgr120
Pooja_Gupta_Emp337,Engineer,Vivaan_Mehta_Mgr136
Ananya_Bose_Emp338,Engineer,Ishaan_Verma_Mgr74
Reyansh_Bose_Emp339,Engineer,Aarav_Verma_Mgr40
Vivaan_Gupta_Emp340,Engineer,Diya_Mehta_Mgr99
Kabir_Bose_Emp341,Engineer,Zara_Das_Mgr140
Rudra_Gupta_Emp342,Engineer,Vivaan_Kumar_Mgr88
Pooja_Rao_Emp343,Engineer,Diya_Mehta_Mgr126
Arjun_Das_Emp344,Engineer,Neha_Patel_Mgr67
Rishi_Das_Emp345,Engineer,Reyansh_Rao_Mgr137
Mira_Verma_Emp346,Engineer,Arjun_Kumar_Mgr116
Siddharth_Singh_Emp347,Engineer,Reyansh_Bose_Mgr48
Krishna_Verma_Emp348,Engineer,Zara_Rao_Mgr95
Pooja_Verma_Emp349,Engineer,Diya_Gupta_Mgr94
Ayaan_Singh_Emp350,Engineer,Rishi_Rao_Mgr73
Ayaan_Mehta_Emp351,Engineer,Rohan_Mehta_Mgr44
Kavya_Bose_Emp352,Engineer,Kavya_Rao_Mgr128
Rudra_Patel_Emp353,Engineer,Neha_Nair_Mgr108
Ananya_Patel_Emp354,Engineer,Riya_Reddy_Mgr77
Ananya_Nair_Emp355,Engineer,Dhruv_Singh_Mgr90
Aditya_Verma_Emp356,Engineer,Rahul_Sharma_Mgr79
Vihaan_Kumar_Emp357,Engineer,Karan_Jain_Mgr138
Advik_Rao_Emp358,Engineer,Kavya_Reddy_Mgr96
Sanya_Verma_Emp359,Engineer,Dhruv_Das_Mgr109
Siddharth_Reddy_Emp360,Engineer,Zara_Rao_Mgr95
Vivaan_Kumar_Emp361,Engineer,Rishi_Patel_Mgr41
Arjun_Verma_Emp362,Engineer,Ishita_Bose_Mgr27
Vivaan_Sharma_Emp363,Engineer,Reyansh_Bose_Mgr48
Ayaan_Gupta_Emp364,Engineer,Krishna_Rao_Mgr119
Karan_Mehta_Emp365,Engineer,Kabir_Bose_Mgr130
Rohan_Singh_Emp366,Engineer,Diya_Rao_Mgr49
Diya_Gupta_Emp367,Engineer,Ananya_Gupta_Mgr58
Advik_Verma_Emp368,Engineer,Ananya_Rao_Mgr76
Aarav_Kumar_Emp369,Engineer,Kavya_Kumar_Mgr33
Arjun_Rao_Emp370,Engineer,Aarav_Mehta_Mgr68
Ishaan_Kumar_Emp371,Engineer,Ananya_Gupta_Mgr58
Aryan_Verma_Emp372,Engineer,Diya_Sharma_Mgr32
Arjun_Mehta_Emp373,Engineer,Kabir_Reddy_Mgr61
Arjun_Rao_Emp374,Engineer,Diya_Mehta_Mgr126
Reyansh_Kumar_Emp375,Engineer,Aryan_Rao_Mgr72
Ishaan_Jain_Emp376,Engineer,Ananya_Verma_Mgr56
Vihaan_Kumar_Emp377,Engineer,Krishna_Sharma_Mgr47
Rishi_Das_Emp378,Engineer,Ishaan_Bose_Mgr70
Ayaan_Gupta_Emp379,Engineer,Rahul_Verma_Mgr101
Kabir_Sharma_Emp380,Engineer,Neha_Das_Mgr125
Aditya_Das_Emp381,Engineer,Kavya_Reddy_Mgr127
Zara_Nair_Emp382,Engineer,Krishna_Sharma_Mgr47
Rahul_Gupta_Emp383,Engineer,Ananya_Rao_Mgr76
Rishi_Nair_Emp384,Engineer,Karan_Das_Mgr135
Ananya_Patel_Emp385,Engineer,Vihaan_Rao_Mgr36
Aryan_Gupta_Emp386,Engineer,Aarav_Gupta_Mgr133
Zara_Mehta_Emp387,Engineer,Kabir_Bose_Mgr148
Vikram_Singh_Emp388,Engineer,Aarav_Verma_Mgr40
Dhruv_Mehta_Emp389,Engineer,Zara_Reddy_Mgr80
Rudra_Verma_Emp390,Engineer,Kavya_Kumar_Mgr33
Rohan_Das_Emp391,Engineer,Pooja_Patel_Mgr34
Rahul_Sharma_Emp392,Engineer,Ananya_Gupta_Mgr58
Riya_Nair_Emp393,Engineer,Aarav_Patel_Mgr92
Mira_Patel_Emp394,Engineer,Zara_Nair_Mgr97
Vihaan_Das_Emp395,Engineer,Rudra_Reddy_Mgr69
Vivaan_Reddy_Emp396,Engineer,Ananya_Bose_Mgr104
Vikram_Das_Emp397,Engineer,Aarav_Patel_Mgr93
Ayaan_Jain_Emp398,Engineer,Sanya_Bose_Mgr30
Reyansh_Jain_Emp399,Engineer,Vihaan_Rao_Mgr36
Diya_Gupta_Emp400,Engineer,Krishna_Sharma_Mgr47
Diya_Reddy_Emp401,Engineer,Aarav_Gupta_Mgr133
Rohan_Das_Emp402,Engineer,Aryan_Das_Mgr46
Aarav_Jain_Emp403,Engineer,Aarav_Verma_Mgr82
Ishita_Singh_Emp404,Engineer,Dhruv_Patel_Mgr98
Ananya_Mehta_Emp405,Engineer,Aryan_Rao_Mgr72
Pooja_Kumar_Emp406,Engineer,Aditya_Jain_Mgr124
Diya_Gupta_Emp407,Engineer,Ayaan_Jain_Mgr43
Ayaan_Rao_Emp408,Engineer,Ananya_Mehta_Mgr37
Rohan_Rao_Emp409,Engineer,Krishna_Bose_Mgr113
Ayaan_Das_Emp410,Engineer,Aryan_Kumar_Mgr60
Diya_Das_Emp411,Engineer,Kavya_Patel_Mgr59
Kavya_Sharma_Emp412,Engineer,Diya_Mehta_Mgr99
Ananya_Rao_Emp413,Engineer,Diya_Gupta_Mgr94
Vivaan_Mehta_Emp414,Engineer,Aryan_Reddy_Mgr75
Vikram_Jain_Emp415,Engineer,Aarav_Patel_Mgr92
Advik_Gupta_Emp416,Engineer,Diya_Mehta_Mgr99
Rishi_Reddy_Emp417,Engineer,Siddharth_Singh_Mgr142
Dhruv_Kumar_Emp418,Engineer,Ishita_Rao_Mgr139
Ishita_Bose_Emp419,Engineer,Aarav_Verma_Mgr40
Ayaan_Sharma_Emp420,Engineer,Diya_Verma_Mgr83
Rahul_Verma_Emp421,Engineer,Arjun_Kumar_Mgr116
Kavya_Bose_Emp422,Engineer,Aryan_Patel_Mgr105
Ishaan_Rao_Emp423,Engineer,Kabir_Sharma_Mgr50
Riya_Bose_Emp424,Engineer,Ishita_Bose_Mgr64
Siddharth_Jain_Emp425,Engineer,Siddharth_Singh_Mgr142
Kavya_Sharma_Emp426,Engineer,Ananya_Verma_Mgr56
Diya_Reddy_Emp427,Engineer,Krishna_Bose_Mgr113
Karan_Jain_Emp428,Engineer,Zara_Reddy_Mgr80
Reyansh_Patel_Emp429,Engineer,Ananya_Mehta_Mgr37
Vivaan_Singh_Emp430,Engineer,Riya_Nair_Mgr86
Kabir_Rao_Emp431,Engineer,Dhruv_Das_Mgr109
Aditya_Verma_Emp432,Engineer,Ishita_Sharma_Mgr149
Zara_Sharma_Emp433,Engineer,Dhruv_Sharma_Mgr57
Vihaan_Jain_Emp434,Engineer,Rishi_Das_Mgr53
Ayaan_Rao_Emp435,Engineer,Ananya_Verma_Mgr56
Ishita_Nair_Emp436,Engineer,Ananya_Mehta_Mgr37
Mira_Mehta_Emp437,Engineer,Arjun_Kumar_Mgr116
Pooja_Kumar_Emp438,Engineer,Neha_Nair_Mgr108
Aditya_Verma_Emp439,Engineer,Neha_Das_Mgr125
Rohan_Gupta_Emp440,Engineer,Neha_Nair_Mgr108
Kabir_Patel_Emp441,Engineer,Rishi_Patel_Mgr41
Vihaan_Gupta_Emp442,Engineer,Zara_Patel_Mgr85
Vivaan_Das_Emp443,Engineer,Kabir_Sharma_Mgr50
Ananya_Rao_Emp444,Engineer,Krishna_Sharma_Mgr47
Sanya_Sharma_Emp445,Engineer,Ishaan_Bose_Mgr70
Ananya_Gupta_Emp446,Engineer,Sanya_Bose_Mgr30
Vikram_Sharma_Emp447,Engineer,Rohan_Mehta_Mgr44
Rohan_Das_Emp448,Engineer,Diya_Jain_Mgr129
Kabir_Reddy_Emp449,Engineer,Krishna_Bose_Mgr113
Reyansh_Patel_Emp450,Engineer,Kavya_Reddy_Mgr96
Vihaan_Gupta_Emp451,Engineer,Diya_Mehta_Mgr126
Rahul_Singh_Emp452,Engineer,Aryan_Kumar_Mgr60
Vihaan_Verma_Emp453,Engineer,Kavya_Rao_Mgr128
Arjun_Kumar_Emp454,Engineer,Aarav_Mehta_Mgr132
Rohan_Rao_Emp455,Engineer,Kabir_Gupta_Mgr55
Ananya_Mehta_Emp456,Engineer,Krishna_Sharma_Mgr47
Aditya_Mehta_Emp457,Engineer,Diya_Rao_Mgr49
Dhruv_Nair_Emp458,Engineer,Dhruv_Sharma_Mgr57
Sanya_Patel_Emp459,Engineer,Aarav_Patel_Mgr93
Kabir_Gupta_Emp460,Engineer,Diya_Rao_Mgr49
Karan_Reddy_Emp461,Engineer,Aarav_Verma_Mgr40
Reyansh_Reddy_Emp462,Engineer,Kabir_Das_Mgr118
Reyansh_Gupta_Emp463,Engineer,Zara_Reddy_Mgr80
Aryan_Das_Emp464,Engineer,Mira_Verma_Mgr78
Ayaan_Bose_Emp465,Engineer,Kavya_Rao_Mgr128
Aarav_Verma_Emp466,Engineer,Krishna_Das_Mgr143
Vivaan_Gupta_Emp467,Engineer,Diya_Jain_Mgr129
Mira_Bose_Emp468,Engineer,Siddharth_Singh_Mgr142
Arjun_Reddy_Emp469,Engineer,Rohan_Patel_Mgr120
Rudra_Gupta_Emp470,Engineer,Krishna_Bose_Mgr113
Karan_Nair_Emp471,Engineer,Neha_Nair_Mgr108
Advik_Bose_Emp472,Engineer,Riya_Reddy_Mgr77
Aryan_Nair_Emp473,Engineer,Riya_Jain_Mgr111
Aditya_Mehta_Emp474,Engineer,Rohan_Patel_Mgr120
Kabir_Verma_Emp475,Engineer,Neha_Nair_Mgr108
Vivaan_Singh_Emp476,Engineer,Aryan_Rao_Mgr72
Rahul_Jain_Emp477,Engineer,Aarav_Jain_Mgr103
Diya_Singh_Emp478,Engineer,Neha_Das_Mgr141
Rohan_Bose_Emp479,Engineer,Dhruv_Das_Mgr109
Kabir_Kumar_Emp480,Engineer,Aarav_Mehta_Mgr68
Sanya_Nair_Emp481,Engineer,Vihaan_Singh_Mgr122
Vihaan_Singh_Emp482,Engineer,Aarav_Mehta_Mgr68
Advik_Patel_Emp483,Engineer,Ananya_Mehta_Mgr37
Aditya_Bose_Emp484,Engineer,Aarav_Mehta_Mgr68
Advik_Nair_Emp485,Engineer,Pooja_Patel_Mgr106
Siddharth_Patel_Emp486,Engineer,Ayaan_Kumar_Mgr29
Rudra_Nair_Emp487,Engineer,Diya_Rao_Mgr49
Vivaan_Jain_Emp488,Engineer,Karan_Jain_Mgr54
Aarav_Singh_Emp489,Engineer,Rohan_Jain_Mgr117
Neha_Bose_Emp490,Engineer,Rahul_Das_Mgr146
Dhruv_Rao_Emp491,Engineer,Dhruv_Sharma_Mgr57
Reyansh_Singh_Emp492,Engineer,Siddharth_Singh_Mgr142
Reyansh_Mehta_Emp493,Engineer,Rishi_Patel_Mgr41
Mira_Kumar_Emp494,Engineer,Aarav_Verma_Mgr82
Rahul_Sharma_Emp495,Engineer,Kabir_Das_Mgr147
Rishi_Nair_Emp496,Engineer,Aarav_Mehta_Mgr132
Diya_Patel_Emp497,Engineer,Reyansh_Rao_Mgr137
Riya_Verma_Emp498,Engineer,Pooja_Patel_Mgr106
Aryan_Das_Emp499,Engineer,Diya_Gupta_Mgr94
Ishita_Mehta_Emp500,Engineer,Ishita_Sharma_Mgr149
Vihaan_Jain_Emp501,Engineer,Zara_Reddy_Mgr80
Advik_Singh_Emp502,Engineer,Neha_Patel_Mgr67
Krishna_Gupta_Emp503,Engineer,Ananya_Rao_Mgr76
Vikram_Singh_Emp504,Engineer,Diya_Mehta_Mgr99
Ananya_Kumar_Emp505,Engineer,Dhruv_Singh_Mgr90
Ishita_Kumar_Emp506,Engineer,Rishi_Das_Mgr53
Vikram_Reddy_Emp507,Engineer,Ishita_Rao_Mgr139
Aarav_Nair_Emp508,Engineer,Zara_Rao_Mgr95
Rudra_Patel_Emp509,Engineer,Krishna_Sharma_Mgr47
Rishi_Reddy_Emp510,Engineer,Ishita_Bose_Mgr64
Arjun_Das_Emp511,Engineer,Krishna_Sharma_Mgr47
Kabir_Kumar_Emp512,Engineer,Vikram_Nair_Mgr107
Diya_Mehta_Emp513,Engineer,Aarav_Jain_Mgr71
Ishaan_Bose_Emp514,Engineer,Vikram_Nair_Mgr107
Riya_Jain_Emp515,Engineer,Vihaan_Rao_Mgr36
Aryan_Nair_Emp516,Engineer,Rohan_Mehta_Mgr44
Kabir_Bose_Emp517,Engineer,Riya_Nair_Mgr86
Vihaan_Mehta_Emp518,Engineer,Aarav_Mehta_Mgr132
Mira_Sharma_Emp519,Engineer,Neha_Das_Mgr141
Reyansh_Kumar_Emp520,Engineer,Riya_Jain_Mgr111
Kabir_Rao_Emp521,Engineer,Dhruv_Sharma_Mgr57
Pooja_Sharma_Emp522,Engineer,Zara_Verma_Mgr31
Aarav_Patel_Emp523,Engineer,Siddharth_Singh_Mgr142
Ayaan_Das_Emp524,Engineer,Pooja_Patel_Mgr106
Aryan_Jain_Emp525,Engineer,Kavya_Reddy_Mgr127
Aditya_Patel_Emp526,Engineer,Karan_Rao_Mgr87
Vihaan_Jain_Emp527,Engineer,Aarav_Patel_Mgr92
Ishita_Patel_Emp528,Engineer,Kabir_Bose_Mgr148
Mira_Kumar_Emp529,Engineer,Aryan_Rao_Mgr72
Rohan_Bose_Emp530,Engineer,Kavya_Kumar_Mgr33
Reyansh_Sharma_Emp531,Engineer,Pooja_Patel_Mgr34
Arjun_Patel_Emp532,Engineer,Aryan_Reddy_Mgr75
Sanya_Sharma_Emp533,Engineer,Aditya_Jain_Mgr124
Mira_Kumar_Emp534,Engineer,Rishi_Rao_Mgr73
Krishna_Singh_Emp535,Engineer,Ayaan_Jain_Mgr43
Advik_Bose_Emp536,Engineer,Aarav_Jain_Mgr103
Ishaan_Reddy_Emp537,Engineer,Karan_Jain_Mgr138
Ananya_Patel_Emp538,Engineer,Dhruv_Das_Mgr109
Aditya_Singh_Emp539,Engineer,Sanya_Nair_Mgr121
Vihaan_Das_Emp540,Engineer,Ananya_Rao_Mgr76
Aditya_Patel_Emp541,Engineer,Zara_Verma_Mgr31
Ayaan_Rao_Emp542,Engineer,Kavya_Rao_Mgr128
Ayaan_Verma_Emp543,Engineer,Vivaan_Mehta_Mgr136
Aarav_Gupta_Emp544,Engineer,Ayaan_Verma_Mgr84
Aryan_Rao_Emp545,Engineer,Dhruv_Sharma_Mgr57
Ishaan_Rao_Emp546,Engineer,Karan_Jain_Mgr54
Aryan_Jain_Emp547,Engineer,Zara_Das_Mgr140
Mira_Reddy_Emp548,Engineer,Vikram_Singh_Mgr131
Rishi_Mehta_Emp549,Engineer,Dhruv_Patel_Mgr98
Rudra_Bose_Emp550,Engineer,Vikram_Bose_Mgr81
Kabir_Verma_Emp551,Engineer,Neha_Das_Mgr141
Vikram_Gupta_Emp552,Engineer,Dhruv_Patel_Mgr98
Pooja_Bose_Emp553,Engineer,Karan_Singh_Mgr62
Vivaan_Patel_Emp554,Engineer,Kavya_Reddy_Mgr96
Siddharth_Gupta_Emp555,Engineer,Dhruv_Singh_Mgr90
Aarav_Nair_Emp556,Engineer,Zara_Das_Mgr140
Riya_Reddy_Emp557,Engineer,Rohan_Jain_Mgr117
Rishi_Rao_Emp558,Engineer,Aarav_Jain_Mgr103
Diya_Singh_Emp559,Engineer,Aarav_Sharma_Mgr65
Rudra_Jain_Emp560,Engineer,Aryan_Rao_Mgr72
Mira_Nair_Emp561,Engineer,Mira_Verma_Mgr78
Ishaan_Mehta_Emp562,Engineer,Karan_Das_Mgr135
Karan_Gupta_Emp563,Engineer,Reyansh_Bose_Mgr48
Ayaan_Rao_Emp564,Engineer,Reyansh_Rao_Mgr137
Vivaan_Jain_Emp565,Engineer,Aarav_Gupta_Mgr133
Ishita_Verma_Emp566,Engineer,Rohan_Mehta_Mgr44
Aryan_Kumar_Emp567,Engineer,Karan_Kumar_Mgr63
Neha_Mehta_Emp568,Engineer,Ananya_Mehta_Mgr37
Kabir_Mehta_Emp569,Engineer,Kabir_Sharma_Mgr50
Neha_Patel_Emp570,Engineer,Ishaan_Bose_Mgr70
Riya_Das_Emp571,Engineer,Diya_Sharma_Mgr32
Kavya_Nair_Emp572,Engineer,Vikram_Singh_Mgr131
Kavya_Sharma_Emp573,Engineer,Kabir_Sharma_Mgr50
Aditya_Nair_Emp574,Engineer,Zara_Patel_Mgr26
Reyansh_Kumar_Emp575,Engineer,Karan_Jain_Mgr54
Reyansh_Reddy_Emp576,Engineer,Aarav_Patel_Mgr92
Ishita_Jain_Emp577,Engineer,Siddharth_Singh_Mgr142
Diya_Reddy_Emp578,Engineer,Arjun_Kumar_Mgr116
Riya_Sharma_Emp579,Engineer,Rohan_Rao_Mgr145
Rahul_Mehta_Emp580,Engineer,Ishaan_Bose_Mgr70
Pooja_Gupta_Emp581,Engineer,Ayaan_Kumar_Mgr29
Riya_Kumar_Emp582,Engineer,Rahul_Sharma_Mgr79
Dhruv_Gupta_Emp583,Engineer,Vivaan_Mehta_Mgr136
Vivaan_Gupta_Emp584,Engineer,Neha_Patel_Mgr67
Aryan_Singh_Emp585,Engineer,Reyansh_Rao_Mgr137
Ananya_Jain_Emp586,Engineer,Aditya_Jain_Mgr124
Ishaan_Singh_Emp587,Engineer,Ishita_Bose_Mgr64
Diya_Rao_Emp588,Engineer,Vivaan_Kumar_Mgr88
Vivaan_Patel_Emp589,Engineer,Vihaan_Jain_Mgr45
Arjun_Sharma_Emp590,Engineer,Aarav_Gupta_Mgr133
Ishaan_Rao_Emp591,Engineer,Rishi_Patel_Mgr41
Advik_Jain_Emp592,Engineer,Karan_Rao_Mgr87
Siddharth_Nair_Emp593,Engineer,Kavya_Reddy_Mgr96
Aditya_Gupta_Emp594,Engineer,Vihaan_Rao_Mgr36
Riya_Kumar_Emp595,Engineer,Reyansh_Bose_Mgr48
Siddharth_Kumar_Emp596,Engineer,Rahul_Sharma_Mgr79
Diya_Nair_Emp597,Engineer,Karan_Rao_Mgr87
Rishi_Reddy_Emp598,Engineer,Vikram_Nair_Mgr107
Advik_Bose_Emp599,Engineer,Vihaan_Singh_Mgr122
Aryan_Sharma_Emp600,Engineer,Vikram_Singh_Mgr131
Siddharth_Verma_Emp601,Engineer,Aryan_Reddy_Mgr75
Reyansh_Patel_Emp602,Engineer,Zara_Reddy_Mgr80
Arjun_Mehta_Emp603,Engineer,Dhruv_Singh_Mgr90
Ayaan_Rao_Emp604,Engineer,Karan_Jain_Mgr54
Aarav_Singh_Emp605,Engineer,Krishna_Gupta_Mgr35
Sanya_Das_Emp606,Engineer,Aarav_Jain_Mgr71
Aarav_Gupta_Emp607,Engineer,Vikram_Singh_Mgr131
Pooja_Gupta_Emp608,Engineer,Siddharth_Mehta_Mgr28
Vikram_Gupta_Emp609,Engineer,Dhruv_Patel_Mgr98
Ayaan_Jain_Emp610,Engineer,Aarav_Sharma_Mgr65
Mira_Gupta_Emp611,Engineer,Karan_Kumar_Mgr63
Vikram_Gupta_Emp612,Engineer,Kabir_Mehta_Mgr52
Aryan_Jain_Emp613,Engineer,Ayaan_Verma_Mgr84
Ishaan_Rao_Emp614,Engineer,Reyansh_Bose_Mgr123
Krishna_Mehta_Emp615,Engineer,Ayaan_Kumar_Mgr29
Karan_Singh_Emp616,Engineer,Rohan_Mehta_Mgr44
Ananya_Jain_Emp617,Engineer,Kabir_Gupta_Mgr55
Aarav_Reddy_Emp618,Engineer,Karan_Jain_Mgr138
Vihaan_Mehta_Emp619,Engineer,Rohan_Jain_Mgr117
Siddharth_Singh_Emp620,Engineer,Neha_Das_Mgr141
Ishaan_Kumar_Emp621,Engineer,Sanya_Bose_Mgr30
Ananya_Reddy_Emp622,Engineer,Ayaan_Verma_Mgr84
Dhruv_Patel_Emp623,Engineer,Aryan_Patel_Mgr105
Neha_Jain_Emp624,Engineer,Rudra_Rao_Mgr134
Aditya_Reddy_Emp625,Engineer,Rudra_Rao_Mgr134
Diya_Sharma_Emp626,Engineer,Kavya_Patel_Mgr59
Mira_Nair_Emp627,Engineer,Ayaan_Jain_Mgr43
Dhruv_Singh_Emp628,Engineer,Ayaan_Jain_Mgr43
Vikram_Jain_Emp629,Engineer,Karan_Jain_Mgr138
Dhruv_Das_Emp630,Engineer,Zara_Das_Mgr140
Neha_Rao_Emp631,Engineer,Arjun_Kumar_Mgr116
Karan_Mehta_Emp632,Engineer,Zara_Das_Mgr140
Neha_Kumar_Emp633,Engineer,Reyansh_Rao_Mgr137
Kabir_Sharma_Emp634,Engineer,Zara_Verma_Mgr31
Aryan_Nair_Emp635,Engineer,Kabir_Gupta_Mgr55
Rudra_Reddy_Emp636,Engineer,Reyansh_Bose_Mgr48
Vivaan_Kumar_Emp637,Engineer,Aarav_Sharma_Mgr65
Rudra_Kumar_Emp638,Engineer,Krishna_Gupta_Mgr35
Aryan_Jain_Emp639,Engineer,Kabir_Das_Mgr147
Sanya_Kumar_Emp640,Engineer,Kavya_Mehta_Mgr144
Dhruv_Gupta_Emp641,Engineer,Krishna_Bose_Mgr113
Dhruv_Gupta_Emp642,Engineer,Aarav_Jain_Mgr71
Rahul_Verma_Emp643,Engineer,Dhruv_Singh_Mgr90
Dhruv_Rao_Emp644,Engineer,Aarav_Patel_Mgr92
Karan_Bose_Emp645,Engineer,Dhruv_Das_Mgr109
Diya_Bose_Emp646,Engineer,Ananya_Das_Mgr42
Kabir_Das_Emp647,Engineer,Ishaan_Verma_Mgr74
Sanya_Patel_Emp648,Engineer,Kabir_Mehta_Mgr52
Diya_Das_Emp649,Engineer,Aarav_Verma_Mgr40
Riya_Sharma_Emp650,Engineer,Dhruv_Patel_Mgr98
Ishaan_Singh_Emp651,Engineer,Kavya_Mehta_Mgr144
Diya_Verma_Emp652,Engineer,Rahul_Sharma_Mgr79
Arjun_Nair_Emp653,Engineer,Kavya_Rao_Mgr128
Neha_Bose_Emp654,Engineer,Rohan_Mehta_Mgr44
Karan_Das_Emp655,Engineer,Vivaan_Kumar_Mgr88
Aarav_Rao_Emp656,Engineer,Diya_Verma_Mgr83
Ananya_Rao_Emp657,Engineer,Sanya_Nair_Mgr121
Advik_Singh_Emp658,Engineer,Siddharth_Singh_Mgr142
Vikram_Verma_Emp659,Engineer,Zara_Das_Mgr140
Aditya_Nair_Emp660,Engineer,Vikram_Jain_Mgr100
Krishna_Singh_Emp661,Engineer,Ananya_Mehta_Mgr37
Vikram_Rao_Emp662,Engineer,Neha_Nair_Mgr108
Neha_Kumar_Emp663,Engineer,Vihaan_Rao_Mgr36
Aarav_Rao_Emp664,Engineer,Kavya_Mehta_Mgr144
Sanya_Patel_Emp665,Engineer,Rishi_Das_Mgr53
Kavya_Patel_Emp666,Engineer,Kavya_Mehta_Mgr144
Rahul_Nair_Emp667,Engineer,Ayaan_Kumar_Mgr29
Aryan_Sharma_Emp668,Engineer,Rahul_Sharma_Mgr79
Siddharth_Bose_Emp669,Engineer,Vikram_Jain_Mgr100
Ishaan_Nair_Emp670,Engineer,Diya_Verma_Mgr83
Pooja_Bose_Emp671,Engineer,Ananya_Gupta_Mgr58
Aarav_Sharma_Emp672,Engineer,Riya_Reddy_Mgr77
Pooja_Patel_Emp673,Engineer,Krishna_Das_Mgr143
Ananya_Nair_Emp674,Engineer,Karan_Jain_Mgr54
Vivaan_Nair_Emp675,Engineer,Rohan_Rao_Mgr145
Krishna_Bose_Emp676,Engineer,Karan_Jain_Mgr54
Rohan_Gupta_Emp677,Engineer,Ishita_Rao_Mgr110
Rohan_Reddy_Emp678,Engineer,Ananya_Gupta_Mgr58
Dhruv_Nair_Emp679,Engineer,Mira_Verma_Mgr78
Krishna_Reddy_Emp680,Engineer,Vihaan_Singh_Mgr122
Vikram_Jain_Emp681,Engineer,Rohan_Singh_Mgr51
Mira_Gupta_Emp682,Engineer,Rahul_Verma_Mgr101
Kabir_Verma_Emp683,Engineer,Zara_Das_Mgr140
Riya_Nair_Emp684,Engineer,Aarav_Jain_Mgr103
Aryan_Verma_Emp685,Engineer,Diya_Rao_Mgr49
Krishna_Sharma_Emp686,Engineer,Ananya_Das_Mgr42
Siddharth_Verma_Emp687,Engineer,Riya_Gupta_Mgr112
Arjun_Jain_Emp688,Engineer,Rishi_Rao_Mgr73
Riya_Singh_Emp689,Engineer,Kavya_Kumar_Mgr33
Sanya_Nair_Emp690,Engineer,Ayaan_Kumar_Mgr29
Vikram_Gupta_Emp691,Engineer,Karan_Jain_Mgr54
Neha_Mehta_Emp692,Engineer,Krishna_Rao_Mgr119
Mira_Mehta_Emp693,Engineer,Karan_Rao_Mgr87
Arjun_Verma_Emp694,Engineer,Rohan_Patel_Mgr120
Kabir_Gupta_Emp695,Engineer,Kabir_Bose_Mgr148
Vivaan_Das_Emp696,Engineer,Karan_Rao_Mgr87
Vivaan_Das_Emp697,Engineer,Karan_Singh_Mgr62
Ishita_Jain_Emp698,Engineer,Aryan_Patel_Mgr105
Vikram_Nair_Emp699,Engineer,Aarav_Mehta_Mgr68
Advik_Jain_Emp700,Engineer,Aarav_Gupta_Mgr133
Neha_Das_Emp701,Engineer,Rishi_Das_Mgr53
Vikram_Verma_Emp702,Engineer,Vihaan_Singh_Mgr122
Advik_Mehta_Emp703,Engineer,Aarav_Verma_Mgr82
Vivaan_Jain_Emp704,Engineer,Zara_Das_Mgr140
Aarav_Das_Emp705,Engineer,Karan_Jain_Mgr138
Kavya_Patel_Emp706,Engineer,Aarav_Verma_Mgr82
Ishaan_Bose_Emp707,Engineer,Aarav_Jain_Mgr71
Dhruv_Mehta_Emp708,Engineer,Siddharth_Singh_Mgr142
Rishi_Das_Emp709,Engineer,Zara_Verma_Mgr31
Vivaan_Rao_Emp710,Engineer,Ishaan_Verma_Mgr74
Rahul_Rao_Emp711,Engineer,Riya_Jain_Mgr111
Rudra_Verma_Emp712,Engineer,Riya_Jain_Mgr111
Vihaan_Singh_Emp713,Engineer,Dhruv_Patel_Mgr98
Rohan_Reddy_Emp714,Engineer,Vikram_Bose_Mgr81
Ishaan_Das_Emp715,Engineer,Rohan_Patel_Mgr120
Krishna_Gupta_Emp716,Engineer,Vihaan_Singh_Mgr122
Aarav_Patel_Emp717,Engineer,Ishita_Rao_Mgr110
Rudra_Rao_Emp718,Engineer,Aryan_Kumar_Mgr60
Aditya_Mehta_Emp719,Engineer,Mira_Verma_Mgr78
Neha_Jain_Emp720,Engineer,Rahul_Nair_Mgr91
Reyansh_Rao_Emp721,Engineer,Pooja_Patel_Mgr106
Vivaan_Gupta_Emp722,Engineer,Krishna_Gupta_Mgr35
Neha_Reddy_Emp723,Engineer,Aarav_Mehta_Mgr132
Diya_Kumar_Emp724,Engineer,Ishaan_Verma_Mgr74
Krishna_Sharma_Emp725,Engineer,Krishna_Rao_Mgr119
Arjun_Kumar_Emp726,Engineer,Aarav_Gupta_Mgr133
Rohan_Singh_Emp727,Engineer,Karan_Jain_Mgr138
Neha_Reddy_Emp728,Engineer,Karan_Rao_Mgr87
Aryan_Reddy_Emp729,Engineer,Zara_Nair_Mgr97
Aarav_Das_Emp730,Engineer,Siddharth_Singh_Mgr142
Kavya_Jain_Emp731,Engineer,Neha_Patel_Mgr67
Kabir_Mehta_Emp732,Engineer,Kabir_Bose_Mgr38
Siddharth_Jain_Emp733,Engineer,Kabir_Bose_Mgr130
Karan_Kumar_Emp734,Engineer,Zara_Reddy_Mgr80
Ayaan_Bose_Emp735,Engineer,Diya_Sharma_Mgr32
Mira_Rao_Emp736,Engineer,Vihaan_Jain_Mgr45
Vivaan_Das_Emp737,Engineer,Siddharth_Singh_Mgr142
Vikram_Reddy_Emp738,Engineer,Karan_Kumar_Mgr63
Aditya_Gupta_Emp739,Engineer,Zara_Verma_Mgr31
Pooja_Mehta_Emp740,Engineer,Kabir_Gupta_Mgr55
Riya_Reddy_Emp741,Engineer,Krishna_Bose_Mgr113
Pooja_Bose_Emp742,Engineer,Ishita_Bose_Mgr64
Aarav_Bose_Emp743,Engineer,Diya_Jain_Mgr129
Diya_Sharma_Emp744,Engineer,Kavya_Mehta_Mgr144
Rishi_Reddy_Emp745,Engineer,Vikram_Bose_Mgr81
Rudra_Gupta_Emp746,Engineer,Diya_Sharma_Mgr32
Sanya_Rao_Emp747,Engineer,Kabir_Bose_Mgr130
Arjun_Verma_Emp748,Engineer,Kavya_Patel_Mgr59
Karan_Das_Emp749,Engineer,Mira_Verma_Mgr78
Vivaan_Verma_Emp750,Engineer,Krishna_Rao_Mgr119
Rohan_Mehta_Emp751,Engineer,Arjun_Kumar_Mgr116
Rishi_Mehta_Emp752,Engineer,Rohan_Rao_Mgr145
Krishna_Das_Emp753,Engineer,Zara_Rao_Mgr95
Neha_Patel_Emp754,Engineer,Aarav_Verma_Mgr40
Ayaan_Mehta_Emp755,Engineer,Ayaan_Kumar_Mgr29
Pooja_Mehta_Emp756,Engineer,Kavya_Rao_Mgr128
Arjun_Das_Emp757,Engineer,Aryan_Das_Mgr46
Rohan_Reddy_Emp758,Engineer,Aarav_Verma_Mgr82
Rohan_Nair_Emp759,Engineer,Ananya_Mehta_Mgr37
Ayaan_Rao_Emp760,Engineer,Kabir_Reddy_Mgr61
Ishita_Das_Emp761,Engineer,Kabir_Das_Mgr118
Neha_Rao_Emp762,Engineer,Ananya_Gupta_Mgr58
Ishita_Verma_Emp763,Engineer,Rishi_Patel_Mgr41
Advik_Verma_Emp764,Engineer,Vikram_Nair_Mgr107
Aarav_Reddy_Emp765,Engineer,Zara_Patel_Mgr85
Rudra_Rao_Emp766,Engineer,Sanya_Nair_Mgr121
Karan_Reddy_Emp767,Engineer,Zara_Rao_Mgr95
Riya_Singh_Emp768,Engineer,Karan_Singh_Mgr62
Vikram_Singh_Emp769,Engineer,Dhruv_Patel_Mgr98
Arjun_Singh_Emp770,Engineer,Ishita_Bose_Mgr27
Kabir_Jain_Emp771,Engineer,Kabir_Bose_Mgr130
Kabir_Gupta_Emp772,Engineer,Ananya_Mehta_Mgr37
Aryan_Jain_Emp773,Engineer,Riya_Gupta_Mgr112
Krishna_Nair_Emp774,Engineer,Diya_Verma_Mgr83
Rudra_Kumar_Emp775,Engineer,Vivaan_Mehta_Mgr136
Aditya_Gupta_Emp776,Engineer,Kabir_Bose_Mgr38
Aryan_Nair_Emp777,Engineer,Ishita_Rao_Mgr139
Reyansh_Reddy_Emp778,Engineer,Aarav_Jain_Mgr71
Arjun_Patel_Emp779,Engineer,Aryan_Reddy_Mgr75
Aarav_Nair_Emp780,Engineer,Zara_Nair_Mgr97
Aditya_Verma_Emp781,Engineer,Kabir_Sharma_Mgr50
Vikram_Jain_Emp782,Engineer,Neha_Das_Mgr141
Mira_Singh_Emp783,Engineer,Zara_Patel_Mgr85
Riya_Rao_Emp784,Engineer,Riya_Reddy_Mgr77
Aryan_Bose_Emp785,Engineer,Rohan_Jain_Mgr117
Aryan_Nair_Emp786,Engineer,Vihaan_Rao_Mgr36
Pooja_Jain_Emp787,Engineer,Kavya_Reddy_Mgr96
Pooja_Mehta_Emp788,Engineer,Krishna_Das_Mgr143
Rishi_Nair_Emp789,Engineer,Neha_Patel_Mgr67
Rohan_Rao_Emp790,Engineer,Rudra_Reddy_Mgr69
Sanya_Patel_Emp791,Engineer,Kavya_Patel_Mgr59
Karan_Das_Emp792,Engineer,Vikram_Jain_Mgr100
Vihaan_Gupta_Emp793,Engineer,Krishna_Rao_Mgr119
Sanya_Kumar_Emp794,Engineer,Krishna_Gupta_Mgr35
Ayaan_Patel_Emp795,Engineer,Kabir_Bose_Mgr148
Ishita_Rao_Emp796,Engineer,Kabir_Bose_Mgr38
Aarav_Bose_Emp797,Engineer,Ayaan_Jain_Mgr43
Dhruv_Verma_Emp798,Engineer,Kabir_Das_Mgr118
Vikram_Nair_Emp799,Engineer,Kavya_Rao_Mgr128
Vihaan_Verma_Emp800,Engineer,Rudra_Rao_Mgr134
Zara_Rao_Emp801,Engineer,Kabir_Sharma_Mgr50
Rohan_Verma_Emp802,Engineer,Ananya_Verma_Mgr56
Sanya_Kumar_Emp803,Engineer,Ayaan_Kumar_Mgr29
Reyansh_Reddy_Emp804,Engineer,Neha_Patel_Mgr67
Ishaan_Patel_Emp805,Engineer,Vikram_Jain_Mgr100
Zara_Verma_Emp806,Engineer,Neha_Das_Mgr125
Sanya_Singh_Emp807,Engineer,Neha_Patel_Mgr67
Ananya_Das_Emp808,Engineer,Siddharth_Singh_Mgr142
Karan_Bose_Emp809,Engineer,Ananya_Bose_Mgr104
Neha_Singh_Emp810,Engineer,Vihaan_Sharma_Mgr39
Sanya_Bose_Emp811,Engineer,Vikram_Bose_Mgr81
Aarav_Reddy_Emp812,Engineer,Reyansh_Rao_Mgr137
Karan_Reddy_Emp813,Engineer,Zara_Reddy_Mgr80
Kabir_Das_Emp814,Engineer,Rohan_Singh_Mgr51
Mira_Mehta_Emp815,Engineer,Rishi_Patel_Mgr41
Riya_Verma_Emp816,Engineer,Ayaan_Verma_Mgr84
Sanya_Rao_Emp817,Engineer,Rudra_Verma_Mgr102
Kabir_Nair_Emp818,Engineer,Arjun_Bose_Mgr89
Aarav_Reddy_Emp819,Engineer,Dhruv_Patel_Mgr98
Sanya_Kumar_Emp820,Engineer,Krishna_Das_Mgr143
Ananya_Bose_Emp821,Engineer,Aryan_Kumar_Mgr60
Neha_Rao_Emp822,Engineer,Krishna_Bose_Mgr113
Rahul_Singh_Emp823,Engineer,Rohan_Rao_Mgr145
Ishaan_Rao_Emp824,Engineer,Aarav_Jain_Mgr71
Vikram_Mehta_Emp825,Engineer,Rohan_Rao_Mgr145
Aryan_Reddy_Emp826,Engineer,Sanya_Bose_Mgr30
Advik_Jain_Emp827,Engineer,Karan_Kumar_Mgr63
Siddharth_Reddy_Emp828,Engineer,Dhruv_Sharma_Mgr57
Sanya_Sharma_Emp829,Engineer,Ayaan_Jain_Mgr43
Karan_Rao_Emp830,Engineer,Ishaan_Verma_Mgr74
Ananya_Sharma_Emp831,Engineer,Riya_Gupta_Mgr112
Vikram_Reddy_Emp832,Engineer,Krishna_Rao_Mgr119
Aryan_Kumar_Emp833,Engineer,Aditya_Jain_Mgr124
Aryan_Rao_Emp834,Engineer,Zara_Nair_Mgr97
Arjun_Kumar_Emp835,Engineer,Rohan_Patel_Mgr120
Mira_Patel_Emp836,Engineer,Kavya_Mehta_Mgr144
Ayaan_Verma_Emp837,Engineer,Dhruv_Singh_Mgr90
Aditya_Sharma_Emp838,Engineer,Arjun_Kumar_Mgr116
Kavya_Das_Emp839,Engineer,Riya_Nair_Mgr86
Aryan_Jain_Emp840,Engineer,Kabir_Das_Mgr147
Kavya_Gupta_Emp841,Engineer,Aryan_Kumar_Mgr60
Krishna_Verma_Emp842,Engineer,Aarav_Jain_Mgr71
Kabir_Rao_Emp843,Engineer,Diya_Gupta_Mgr94
Arjun_Nair_Emp844,Engineer,Zara_Das_Mgr140
Neha_Verma_Emp845,Engineer,Diya_Verma_Mgr83
Kavya_Singh_Emp846,Engineer,Vihaan_Jain_Mgr45
Ayaan_Nair_Emp847,Engineer,Ishaan_Bose_Mgr70
Vikram_Mehta_Emp848,Engineer,Aarav_Patel_Mgr92
Kavya_Reddy_Emp849,Engineer,Aarav_Verma_Mgr40
Mira_Patel_Emp850,Engineer,Arjun_Kumar_Mgr116
Vihaan_Reddy_Emp851,Engineer,Ananya_Bose_Mgr104
Pooja_Bose_Emp852,Engineer,Ananya_Verma_Mgr56
Ananya_Bose_Emp853,Engineer,Ishita_Bose_Mgr64
Pooja_Gupta_Emp854,Engineer,Rohan_Singh_Mgr51
Siddharth_Mehta_Emp855,Engineer,Pooja_Patel_Mgr34
Dhruv_Kumar_Emp856,Engineer,Karan_Jain_Mgr138
Kavya_Singh_Emp857,Engineer,Rahul_Das_Mgr146
Aditya_Das_Emp858,Engineer,Vikram_Singh_Mgr131
Pooja_Patel_Emp859,Engineer,Ananya_Bose_Mgr104
Neha_Mehta_Emp860,Engineer,Arjun_Kumar_Mgr116
Rudra_Rao_Emp861,Engineer,Dhruv_Sharma_Mgr57
Riya_Mehta_Emp862,Engineer,Reyansh_Bose_Mgr123
Neha_Rao_Emp863,Engineer,Arjun_Bose_Mgr89
Ishaan_Jain_Emp864,Engineer,Dhruv_Sharma_Mgr57
Ishita_Verma_Emp865,Engineer,Aryan_Rao_Mgr72
Diya_Verma_Emp866,Engineer,Pooja_Patel_Mgr106
Ayaan_Reddy_Emp867,Engineer,Kabir_Bose_Mgr148
Pooja_Kumar_Emp868,Engineer,Ananya_Rao_Mgr76
Diya_Kumar_Emp869,Engineer,Mira_Verma_Mgr78
Diya_Nair_Emp870,Engineer,Rishi_Patel_Mgr41
Aditya_Rao_Emp871,Engineer,Diya_Rao_Mgr49
Ayaan_Verma_Emp872,Engineer,Ishita_Sharma_Mgr149
Ishaan_Patel_Emp873,Engineer,Karan_Jain_Mgr138
Ishita_Sharma_Emp874,Engineer,Riya_Nair_Mgr86
Vikram_Nair_Emp875,Engineer,Aarav_Verma_Mgr40
Advik_Nair_Emp876,Engineer,Vihaan_Jain_Mgr45
Krishna_Singh_Emp877,Engineer,Ishita_Sharma_Mgr149
Advik_Nair_Emp878,Engineer,Pooja_Patel_Mgr34
Karan_Patel_Emp879,Engineer,Neha_Das_Mgr141
Vihaan_Gupta_Emp880,Engineer,Krishna_Gupta_Mgr35
Diya_Patel_Emp881,Engineer,Vikram_Jain_Mgr100
Siddharth_Kumar_Emp882,Engineer,Vivaan_Mehta_Mgr136
Neha_Singh_Emp883,Engineer,Kavya_Patel_Mgr59
Ayaan_Mehta_Emp884,Engineer,Kabir_Bose_Mgr148
Sanya_Nair_Emp885,Engineer,Vikram_Bose_Mgr81
Reyansh_Das_Emp886,Engineer,Karan_Jain_Mgr138
Vikram_Das_Emp887,Engineer,Zara_Reddy_Mgr80
Diya_Nair_Emp888,Engineer,Karan_Jain_Mgr54
Ishita_Mehta_Emp889,Engineer,Diya_Mehta_Mgr126
Rohan_Reddy_Emp890,Engineer,Krishna_Rao_Mgr119
Advik_Jain_Emp891,Engineer,Rudra_Reddy_Mgr69
Ayaan_Rao_Emp892,Engineer,Vihaan_Rao_Mgr36
Kabir_Jain_Emp893,Engineer,Zara_Verma_Mgr31
Diya_Sharma_Emp894,Engineer,Ishita_Sharma_Mgr149
Rohan_Singh_Emp895,Engineer,Ishita_Rao_Mgr139
Aarav_Singh_Emp896,Engineer,Kabir_Sharma_Mgr50
Vivaan_Singh_Emp897,Engineer,Ayaan_Verma_Mgr84
Pooja_Rao_Emp898,Engineer,Aryan_Das_Mgr46
Pooja_Mehta_Emp899,Engineer,Siddharth_Singh_Mgr142
Kabir_Das_Emp900,Engineer,Diya_Gupta_Mgr94
Vivaan_Gupta_Emp901,Engineer,Ishita_Rao_Mgr110
Dhruv_Jain_Emp902,Engineer,Ishaan_Verma_Mgr74
Aarav_Verma_Emp903,Engineer,Sanya_Bose_Mgr30
Ananya_Das_Emp904,Engineer,Kabir_Mehta_Mgr52
Ishita_Kumar_Emp905,Engineer,Kabir_Bose_Mgr130
Aarav_Das_Emp906,Engineer,Riya_Gupta_Mgr112
Aryan_Rao_Emp907,Engineer,Mira_Verma_Mgr78
Dhruv_Sharma_Emp908,Engineer,Kabir_Das_Mgr118
Siddharth_Singh_Emp909,Engineer,Aditya_Jain_Mgr124
Vivaan_Das_Emp910,Engineer,Ananya_Das_Mgr42
Vivaan_Sharma_Emp911,Engineer,Zara_Das_Mgr140
Neha_Verma_Emp912,Engineer,Vivaan_Kumar_Mgr88
Riya_Rao_Emp913,Engineer,Dhruv_Patel_Mgr98
Pooja_Gupta_Emp914,Engineer,Aarav_Verma_Mgr40
Vivaan_Rao_Emp915,Engineer,Ananya_Mehta_Mgr37
Vikram_Singh_Emp916,Engineer,Aarav_Verma_Mgr82
Aryan_Kumar_Emp917,Engineer,Riya_Reddy_Mgr77
Vivaan_Kumar_Emp918,Engineer,Dhruv_Singh_Mgr90
Rahul_Mehta_Emp919,Engineer,Dhruv_Sharma_Mgr57
Ananya_Sharma_Emp920,Engineer,Riya_Jain_Mgr111
Arjun_Sharma_Emp921,Engineer,Rohan_Mehta_Mgr44
Ananya_Das_Emp922,Engineer,Kabir_Das_Mgr147
Arjun_Verma_Emp923,Engineer,Vikram_Nair_Mgr107
Aditya_Reddy_Emp924,Engineer,Aarav_Jain_Mgr103
Reyansh_Verma_Emp925,Engineer,Neha_Das_Mgr125
Sanya_Gupta_Emp926,Engineer,Dhruv_Sharma_Mgr57
Siddharth_Bose_Emp927,Engineer,Rohan_Jain_Mgr117
Karan_Bose_Emp928,Engineer,Karan_Das_Mgr135
Karan_Bose_Emp929,Engineer,Aarav_Patel_Mgr93
Vihaan_Singh_Emp930,Engineer,Rohan_Jain_Mgr117
Ishita_Kumar_Emp931,Engineer,Vikram_Bose_Mgr81
Ishaan_Kumar_Emp932,Engineer,Kavya_Kumar_Mgr33
Reyansh_Singh_Emp933,Engineer,Aryan_Kumar_Mgr60
Reyansh_Nair_Emp934,Engineer,Rohan_Jain_Mgr117
Neha_Nair_Emp935,Engineer,Kavya_Reddy_Mgr96
Ananya_Sharma_Emp936,Engineer,Krishna_Das_Mgr143
Pooja_Patel_Emp937,Engineer,Aarav_Patel_Mgr92
Zara_Jain_Emp938,Engineer,Ayaan_Jain_Mgr43
Siddharth_Reddy_Emp939,Engineer,Pooja_Patel_Mgr106
Sanya_Rao_Emp940,Engineer,Dhruv_Das_Mgr109
Dhruv_Singh_Emp941,Engineer,Karan_Jain_Mgr138
Reyansh_Sharma_Emp942,Engineer,Sanya_Bose_Mgr30
Siddharth_Bose_Emp943,Engineer,Diya_Gupta_Mgr94
Kabir_Mehta_Emp944,Engineer,Reyansh_Rao_Mgr137
Advik_Patel_Emp945,Engineer,Zara_Das_Mgr140
Rohan_Patel_Emp946,Engineer,Vikram_Jain_Mgr100
Siddharth_Kumar_Emp947,Engineer,Dhruv_Sharma_Mgr57
Siddharth_Jain_Emp948,Engineer,Vikram_Singh_Mgr131
Karan_Jain_Emp949,Engineer,Vikram_Nair_Mgr107
Advik_Nair_Emp950,Engineer,Aarav_Verma_Mgr40
Ananya_Gupta_Emp951,Engineer,Kabir_Bose_Mgr38
Zara_Das_Emp952,Engineer,Aarav_Patel_Mgr92
Reyansh_Gupta_Emp953,Engineer,Neha_Das_Mgr141
Siddharth_Singh_Emp954,Engineer,Kabir_Mehta_Mgr52
Diya_Mehta_Emp955,Engineer,Zara_Patel_Mgr85
Kabir_Das_Emp956,Engineer,Rohan_Jain_Mgr117
Karan_Gupta_Emp957,Engineer,Riya_Reddy_Mgr77
Arjun_Sharma_Emp958,Engineer,Rudra_Verma_Mgr102
Siddharth_Nair_Emp959,Engineer,Zara_Das_Mgr140
Vivaan_Singh_Emp960,Engineer,Pooja_Patel_Mgr34
Ananya_Sharma_Emp961,Engineer,Diya_Mehta_Mgr99
Ananya_Nair_Emp962,Engineer,Ishita_Sharma_Mgr149
Rudra_Singh_Emp963,Engineer,Kabir_Gupta_Mgr55
Arjun_Nair_Emp964,Engineer,Vikram_Bose_Mgr81
Ananya_Mehta_Emp965,Engineer,Ishita_Rao_Mgr110
Siddharth_Patel_Emp966,Engineer,Ayaan_Verma_Mgr84
Rohan_Kumar_Emp967,Engineer,Ishita_Bose_Mgr64
Arjun_Reddy_Emp968,Engineer,Ananya_Gupta_Mgr58
Rohan_Reddy_Emp969,Engineer,Diya_Sharma_Mgr32
Sanya_Nair_Emp970,Engineer,Rahul_Das_Mgr146
Rishi_Verma_Emp971,Engineer,Rahul_Nair_Mgr91
Rishi_Bose_Emp972,Engineer,Aarav_Sharma_Mgr65
Dhruv_Das_Emp973,Engineer,Dhruv_Patel_Mgr98
Sanya_Mehta_Emp974,Engineer,Karan_Jain_Mgr138
Rahul_Mehta_Emp975,Engineer,Vikram_Singh_Mgr131
Kabir_Bose_Emp976,Engineer,Kavya_Patel_Mgr59
Diya_Bose_Emp977,Engineer,Reyansh_Bose_Mgr48
Reyansh_Gupta_Emp978,Engineer,Diya_Mehta_Mgr126
Rishi_Jain_Emp979,Engineer,Aditya_Jain_Mgr124
Vikram_Reddy_Emp980,Engineer,Kabir_Bose_Mgr130
Krishna_Patel_Emp981,Engineer,Kavya_Reddy_Mgr127
Kavya_Das_Emp982,Engineer,Vikram_Nair_Mgr107
Vikram_Rao_Emp983,Engineer,Rudra_Reddy_Mgr69
Pooja_Verma_Emp984,Engineer,Rahul_Das_Mgr146
Arjun_Kumar_Emp985,Engineer,Ayaan_Kumar_Mgr29
Kabir_Das_Emp986,Engineer,Rudra_Reddy_Mgr69
Rudra_Bose_Emp987,Engineer,Ananya_Bose_Mgr104
Karan_Kumar_Emp988,Engineer,Rohan_Singh_Mgr51
Rohan_Singh_Emp989,Engineer,Riya_Jain_Mgr111
Neha_Sharma_Emp990,Engineer,Ishita_Bose_Mgr27
Rahul_Jain_Emp991,Engineer,Ishita_Kumar_Mgr115
Vivaan_Jain_Emp992,Engineer,Karan_Kumar_Mgr63
Ayaan_Patel_Emp993,Engineer,Zara_Das_Mgr140
Rohan_Singh_Emp994,Engineer,Rudra_Verma_Mgr102
Riya_Patel_Emp995,Engineer,Rishi_Das_Mgr53
Kabir_Mehta_Emp996,Engineer,Aryan_Patel_Mgr105
Arjun_Gupta_Emp997,Engineer,Reyansh_Bose_Mgr123
Vikram_Sharma_Emp998,Engineer,Pooja_Patel_Mgr34
Krishna_Nair_Emp999,Engineer,Aryan_Das_Mgr46
